id0,img,antsct,confound2_custom
sub-080557,/data/jux/BBL/projects/fmriprepdico/data/wfieldmap/fmriprep/sub-080557/func/sub-080557_task-fracback_acq-singleband_space-MNI152NLin2009cAsym_desc-preproc_bold.nii.gz,/data/jux/BBL/projects/fmriprepdico/data/structural/sub-080557/struc,/data/jux/BBL/projects/fmriprepdico/script/functional/nback/nback_activation_model_ts_231.1D
sub-081725,/data/jux/BBL/projects/fmriprepdico/data/wfieldmap/fmriprep/sub-081725/func/sub-081725_task-fracback_acq-singleband_space-MNI152NLin2009cAsym_desc-preproc_bold.nii.gz,/data/jux/BBL/projects/fmriprepdico/data/structural/sub-081725/struc,/data/jux/BBL/projects/fmriprepdico/script/functional/nback/nback_activation_model_ts_231.1D
sub-081760,/data/jux/BBL/projects/fmriprepdico/data/wfieldmap/fmriprep/sub-081760/func/sub-081760_task-fracback_acq-singleband_space-MNI152NLin2009cAsym_desc-preproc_bold.nii.gz,/data/jux/BBL/projects/fmriprepdico/data/structural/sub-081760/struc,/data/jux/BBL/projects/fmriprepdico/script/functional/nback/nback_activation_model_ts_231.1D
sub-082051,/data/jux/BBL/projects/fmriprepdico/data/wfieldmap/fmriprep/sub-082051/func/sub-082051_task-fracback_acq-singleband_space-MNI152NLin2009cAsym_desc-preproc_bold.nii.gz,/data/jux/BBL/projects/fmriprepdico/data/structural/sub-082051/struc,/data/jux/BBL/projects/fmriprepdico/script/functional/nback/nback_activation_model_ts_231.1D
sub-082063,/data/jux/BBL/projects/fmriprepdico/data/wfieldmap/fmriprep/sub-082063/func/sub-082063_task-fracback_acq-singleband_space-MNI152NLin2009cAsym_desc-preproc_bold.nii.gz,/data/jux/BBL/projects/fmriprepdico/data/structural/sub-082063/struc,/data/jux/BBL/projects/fmriprepdico/script/functional/nback/nback_activation_model_ts_231.1D
sub-082492,/data/jux/BBL/projects/fmriprepdico/data/wfieldmap/fmriprep/sub-082492/func/sub-082492_task-fracback_acq-singleband_space-MNI152NLin2009cAsym_desc-preproc_bold.nii.gz,/data/jux/BBL/projects/fmriprepdico/data/structural/sub-082492/struc,/data/jux/BBL/projects/fmriprepdico/script/functional/nback/nback_activation_model_ts_231.1D
sub-082790,/data/jux/BBL/projects/fmriprepdico/data/wfieldmap/fmriprep/sub-082790/func/sub-082790_task-fracback_acq-singleband_space-MNI152NLin2009cAsym_desc-preproc_bold.nii.gz,/data/jux/BBL/projects/fmriprepdico/data/structural/sub-082790/struc,/data/jux/BBL/projects/fmriprepdico/script/functional/nback/nback_activation_model_ts_231.1D
sub-083010,/data/jux/BBL/projects/fmriprepdico/data/wfieldmap/fmriprep/sub-083010/func/sub-083010_task-fracback_acq-singleband_space-MNI152NLin2009cAsym_desc-preproc_bold.nii.gz,/data/jux/BBL/projects/fmriprepdico/data/structural/sub-083010/struc,/data/jux/BBL/projects/fmriprepdico/script/functional/nback/nback_activation_model_ts_231.1D
sub-083454,/data/jux/BBL/projects/fmriprepdico/data/wfieldmap/fmriprep/sub-083454/func/sub-083454_task-fracback_acq-singleband_space-MNI152NLin2009cAsym_desc-preproc_bold.nii.gz,/data/jux/BBL/projects/fmriprepdico/data/structural/sub-083454/struc,/data/jux/BBL/projects/fmriprepdico/script/functional/nback/nback_activation_model_ts_231.1D
sub-083835,/data/jux/BBL/projects/fmriprepdico/data/wfieldmap/fmriprep/sub-083835/func/sub-083835_task-fracback_acq-singleband_space-MNI152NLin2009cAsym_desc-preproc_bold.nii.gz,/data/jux/BBL/projects/fmriprepdico/data/structural/sub-083835/struc,/data/jux/BBL/projects/fmriprepdico/script/functional/nback/nback_activation_model_ts_231.1D
sub-083999,/data/jux/BBL/projects/fmriprepdico/data/wfieldmap/fmriprep/sub-083999/func/sub-083999_task-fracback_acq-singleband_space-MNI152NLin2009cAsym_desc-preproc_bold.nii.gz,/data/jux/BBL/projects/fmriprepdico/data/structural/sub-083999/struc,/data/jux/BBL/projects/fmriprepdico/script/functional/nback/nback_activation_model_ts_231.1D
sub-084103,/data/jux/BBL/projects/fmriprepdico/data/wfieldmap/fmriprep/sub-084103/func/sub-084103_task-fracback_acq-singleband_space-MNI152NLin2009cAsym_desc-preproc_bold.nii.gz,/data/jux/BBL/projects/fmriprepdico/data/structural/sub-084103/struc,/data/jux/BBL/projects/fmriprepdico/script/functional/nback/nback_activation_model_ts_231.1D
sub-084354,,/data/jux/BBL/projects/fmriprepdico/data/structural/sub-084354/struc,/data/jux/BBL/projects/fmriprepdico/script/functional/nback/nback_activation_model_ts_231.1D
sub-084688,/data/jux/BBL/projects/fmriprepdico/data/wfieldmap/fmriprep/sub-084688/func/sub-084688_task-fracback_acq-singleband_space-MNI152NLin2009cAsym_desc-preproc_bold.nii.gz,/data/jux/BBL/projects/fmriprepdico/data/structural/sub-084688/struc,/data/jux/BBL/projects/fmriprepdico/script/functional/nback/nback_activation_model_ts_231.1D
sub-084761,/data/jux/BBL/projects/fmriprepdico/data/wfieldmap/fmriprep/sub-084761/func/sub-084761_task-fracback_acq-singleband_space-MNI152NLin2009cAsym_desc-preproc_bold.nii.gz,/data/jux/BBL/projects/fmriprepdico/data/structural/sub-084761/struc,/data/jux/BBL/projects/fmriprepdico/script/functional/nback/nback_activation_model_ts_231.1D
sub-084973,/data/jux/BBL/projects/fmriprepdico/data/wfieldmap/fmriprep/sub-084973/func/sub-084973_task-fracback_acq-singleband_space-MNI152NLin2009cAsym_desc-preproc_bold.nii.gz,/data/jux/BBL/projects/fmriprepdico/data/structural/sub-084973/struc,/data/jux/BBL/projects/fmriprepdico/script/functional/nback/nback_activation_model_ts_231.1D
sub-085083,/data/jux/BBL/projects/fmriprepdico/data/wfieldmap/fmriprep/sub-085083/func/sub-085083_task-fracback_acq-singleband_space-MNI152NLin2009cAsym_desc-preproc_bold.nii.gz,/data/jux/BBL/projects/fmriprepdico/data/structural/sub-085083/struc,/data/jux/BBL/projects/fmriprepdico/script/functional/nback/nback_activation_model_ts_231.1D
sub-085173,/data/jux/BBL/projects/fmriprepdico/data/wfieldmap/fmriprep/sub-085173/func/sub-085173_task-fracback_acq-singleband_space-MNI152NLin2009cAsym_desc-preproc_bold.nii.gz,/data/jux/BBL/projects/fmriprepdico/data/structural/sub-085173/struc,/data/jux/BBL/projects/fmriprepdico/script/functional/nback/nback_activation_model_ts_231.1D
sub-085369,/data/jux/BBL/projects/fmriprepdico/data/wfieldmap/fmriprep/sub-085369/func/sub-085369_task-fracback_acq-singleband_space-MNI152NLin2009cAsym_desc-preproc_bold.nii.gz,/data/jux/BBL/projects/fmriprepdico/data/structural/sub-085369/struc,/data/jux/BBL/projects/fmriprepdico/script/functional/nback/nback_activation_model_ts_231.1D
sub-085853,/data/jux/BBL/projects/fmriprepdico/data/wfieldmap/fmriprep/sub-085853/func/sub-085853_task-fracback_acq-singleband_space-MNI152NLin2009cAsym_desc-preproc_bold.nii.gz,/data/jux/BBL/projects/fmriprepdico/data/structural/sub-085853/struc,/data/jux/BBL/projects/fmriprepdico/script/functional/nback/nback_activation_model_ts_231.1D
sub-086287,/data/jux/BBL/projects/fmriprepdico/data/wfieldmap/fmriprep/sub-086287/func/sub-086287_task-fracback_acq-singleband_space-MNI152NLin2009cAsym_desc-preproc_bold.nii.gz,/data/jux/BBL/projects/fmriprepdico/data/structural/sub-086287/struc,/data/jux/BBL/projects/fmriprepdico/script/functional/nback/nback_activation_model_ts_231.1D
sub-086350,/data/jux/BBL/projects/fmriprepdico/data/wfieldmap/fmriprep/sub-086350/func/sub-086350_task-fracback_acq-singleband_space-MNI152NLin2009cAsym_desc-preproc_bold.nii.gz,/data/jux/BBL/projects/fmriprepdico/data/structural/sub-086350/struc,/data/jux/BBL/projects/fmriprepdico/script/functional/nback/nback_activation_model_ts_231.1D
sub-086444,/data/jux/BBL/projects/fmriprepdico/data/wfieldmap/fmriprep/sub-086444/func/sub-086444_task-fracback_acq-singleband_space-MNI152NLin2009cAsym_desc-preproc_bold.nii.gz,/data/jux/BBL/projects/fmriprepdico/data/structural/sub-086444/struc,/data/jux/BBL/projects/fmriprepdico/script/functional/nback/nback_activation_model_ts_231.1D
sub-086722,/data/jux/BBL/projects/fmriprepdico/data/wfieldmap/fmriprep/sub-086722/func/sub-086722_task-fracback_acq-singleband_space-MNI152NLin2009cAsym_desc-preproc_bold.nii.gz,/data/jux/BBL/projects/fmriprepdico/data/structural/sub-086722/struc,/data/jux/BBL/projects/fmriprepdico/script/functional/nback/nback_activation_model_ts_231.1D
sub-086924,/data/jux/BBL/projects/fmriprepdico/data/wfieldmap/fmriprep/sub-086924/func/sub-086924_task-fracback_acq-singleband_space-MNI152NLin2009cAsym_desc-preproc_bold.nii.gz,/data/jux/BBL/projects/fmriprepdico/data/structural/sub-086924/struc,/data/jux/BBL/projects/fmriprepdico/script/functional/nback/nback_activation_model_ts_231.1D
sub-086972,/data/jux/BBL/projects/fmriprepdico/data/wfieldmap/fmriprep/sub-086972/func/sub-086972_task-fracback_acq-singleband_space-MNI152NLin2009cAsym_desc-preproc_bold.nii.gz,/data/jux/BBL/projects/fmriprepdico/data/structural/sub-086972/struc,/data/jux/BBL/projects/fmriprepdico/script/functional/nback/nback_activation_model_ts_231.1D
sub-087135,/data/jux/BBL/projects/fmriprepdico/data/wfieldmap/fmriprep/sub-087135/func/sub-087135_task-fracback_acq-singleband_space-MNI152NLin2009cAsym_desc-preproc_bold.nii.gz,/data/jux/BBL/projects/fmriprepdico/data/structural/sub-087135/struc,/data/jux/BBL/projects/fmriprepdico/script/functional/nback/nback_activation_model_ts_231.1D
sub-087346,/data/jux/BBL/projects/fmriprepdico/data/wfieldmap/fmriprep/sub-087346/func/sub-087346_task-fracback_acq-singleband_space-MNI152NLin2009cAsym_desc-preproc_bold.nii.gz,/data/jux/BBL/projects/fmriprepdico/data/structural/sub-087346/struc,/data/jux/BBL/projects/fmriprepdico/script/functional/nback/nback_activation_model_ts_231.1D
sub-087457,/data/jux/BBL/projects/fmriprepdico/data/wfieldmap/fmriprep/sub-087457/func/sub-087457_task-fracback_acq-singleband_space-MNI152NLin2009cAsym_desc-preproc_bold.nii.gz,/data/jux/BBL/projects/fmriprepdico/data/structural/sub-087457/struc,/data/jux/BBL/projects/fmriprepdico/script/functional/nback/nback_activation_model_ts_231.1D
sub-087538,/data/jux/BBL/projects/fmriprepdico/data/wfieldmap/fmriprep/sub-087538/func/sub-087538_task-fracback_acq-singleband_space-MNI152NLin2009cAsym_desc-preproc_bold.nii.gz,/data/jux/BBL/projects/fmriprepdico/data/structural/sub-087538/struc,/data/jux/BBL/projects/fmriprepdico/script/functional/nback/nback_activation_model_ts_231.1D
sub-087563,/data/jux/BBL/projects/fmriprepdico/data/wfieldmap/fmriprep/sub-087563/func/sub-087563_task-fracback_acq-singleband_space-MNI152NLin2009cAsym_desc-preproc_bold.nii.gz,/data/jux/BBL/projects/fmriprepdico/data/structural/sub-087563/struc,/data/jux/BBL/projects/fmriprepdico/script/functional/nback/nback_activation_model_ts_231.1D
sub-087601,/data/jux/BBL/projects/fmriprepdico/data/wfieldmap/fmriprep/sub-087601/func/sub-087601_task-fracback_acq-singleband_space-MNI152NLin2009cAsym_desc-preproc_bold.nii.gz,/data/jux/BBL/projects/fmriprepdico/data/structural/sub-087601/struc,/data/jux/BBL/projects/fmriprepdico/script/functional/nback/nback_activation_model_ts_231.1D
sub-087646,/data/jux/BBL/projects/fmriprepdico/data/wfieldmap/fmriprep/sub-087646/func/sub-087646_task-fracback_acq-singleband_space-MNI152NLin2009cAsym_desc-preproc_bold.nii.gz,/data/jux/BBL/projects/fmriprepdico/data/structural/sub-087646/struc,/data/jux/BBL/projects/fmriprepdico/script/functional/nback/nback_activation_model_ts_231.1D
sub-087804,/data/jux/BBL/projects/fmriprepdico/data/wfieldmap/fmriprep/sub-087804/func/sub-087804_task-fracback_acq-singleband_space-MNI152NLin2009cAsym_desc-preproc_bold.nii.gz,/data/jux/BBL/projects/fmriprepdico/data/structural/sub-087804/struc,/data/jux/BBL/projects/fmriprepdico/script/functional/nback/nback_activation_model_ts_231.1D
sub-087990,/data/jux/BBL/projects/fmriprepdico/data/wfieldmap/fmriprep/sub-087990/func/sub-087990_task-fracback_acq-singleband_space-MNI152NLin2009cAsym_desc-preproc_bold.nii.gz,/data/jux/BBL/projects/fmriprepdico/data/structural/sub-087990/struc,/data/jux/BBL/projects/fmriprepdico/script/functional/nback/nback_activation_model_ts_231.1D
sub-088209,/data/jux/BBL/projects/fmriprepdico/data/wfieldmap/fmriprep/sub-088209/func/sub-088209_task-fracback_acq-singleband_space-MNI152NLin2009cAsym_desc-preproc_bold.nii.gz,/data/jux/BBL/projects/fmriprepdico/data/structural/sub-088209/struc,/data/jux/BBL/projects/fmriprepdico/script/functional/nback/nback_activation_model_ts_231.1D
sub-088402,/data/jux/BBL/projects/fmriprepdico/data/wfieldmap/fmriprep/sub-088402/func/sub-088402_task-fracback_acq-singleband_space-MNI152NLin2009cAsym_desc-preproc_bold.nii.gz,/data/jux/BBL/projects/fmriprepdico/data/structural/sub-088402/struc,/data/jux/BBL/projects/fmriprepdico/script/functional/nback/nback_activation_model_ts_231.1D
sub-088608,/data/jux/BBL/projects/fmriprepdico/data/wfieldmap/fmriprep/sub-088608/func/sub-088608_task-fracback_acq-singleband_space-MNI152NLin2009cAsym_desc-preproc_bold.nii.gz,/data/jux/BBL/projects/fmriprepdico/data/structural/sub-088608/struc,/data/jux/BBL/projects/fmriprepdico/script/functional/nback/nback_activation_model_ts_231.1D
sub-088770,/data/jux/BBL/projects/fmriprepdico/data/wfieldmap/fmriprep/sub-088770/func/sub-088770_task-fracback_acq-singleband_space-MNI152NLin2009cAsym_desc-preproc_bold.nii.gz,/data/jux/BBL/projects/fmriprepdico/data/structural/sub-088770/struc,/data/jux/BBL/projects/fmriprepdico/script/functional/nback/nback_activation_model_ts_231.1D
sub-088773,,/data/jux/BBL/projects/fmriprepdico/data/structural/sub-088773/struc,/data/jux/BBL/projects/fmriprepdico/script/functional/nback/nback_activation_model_ts_231.1D
sub-089279,/data/jux/BBL/projects/fmriprepdico/data/wfieldmap/fmriprep/sub-089279/func/sub-089279_task-fracback_acq-singleband_space-MNI152NLin2009cAsym_desc-preproc_bold.nii.gz,/data/jux/BBL/projects/fmriprepdico/data/structural/sub-089279/struc,/data/jux/BBL/projects/fmriprepdico/script/functional/nback/nback_activation_model_ts_231.1D
sub-089377,/data/jux/BBL/projects/fmriprepdico/data/wfieldmap/fmriprep/sub-089377/func/sub-089377_task-fracback_acq-singleband_space-MNI152NLin2009cAsym_desc-preproc_bold.nii.gz,/data/jux/BBL/projects/fmriprepdico/data/structural/sub-089377/struc,/data/jux/BBL/projects/fmriprepdico/script/functional/nback/nback_activation_model_ts_231.1D
sub-090021,/data/jux/BBL/projects/fmriprepdico/data/wfieldmap/fmriprep/sub-090021/func/sub-090021_task-fracback_acq-singleband_space-MNI152NLin2009cAsym_desc-preproc_bold.nii.gz,/data/jux/BBL/projects/fmriprepdico/data/structural/sub-090021/struc,/data/jux/BBL/projects/fmriprepdico/script/functional/nback/nback_activation_model_ts_231.1D
sub-090060,,/data/jux/BBL/projects/fmriprepdico/data/structural/sub-090060/struc,/data/jux/BBL/projects/fmriprepdico/script/functional/nback/nback_activation_model_ts_231.1D
sub-090077,/data/jux/BBL/projects/fmriprepdico/data/wfieldmap/fmriprep/sub-090077/func/sub-090077_task-fracback_acq-singleband_space-MNI152NLin2009cAsym_desc-preproc_bold.nii.gz,/data/jux/BBL/projects/fmriprepdico/data/structural/sub-090077/struc,/data/jux/BBL/projects/fmriprepdico/script/functional/nback/nback_activation_model_ts_231.1D
sub-090262,/data/jux/BBL/projects/fmriprepdico/data/wfieldmap/fmriprep/sub-090262/func/sub-090262_task-fracback_acq-singleband_space-MNI152NLin2009cAsym_desc-preproc_bold.nii.gz,/data/jux/BBL/projects/fmriprepdico/data/structural/sub-090262/struc,/data/jux/BBL/projects/fmriprepdico/script/functional/nback/nback_activation_model_ts_231.1D
sub-090281,/data/jux/BBL/projects/fmriprepdico/data/wfieldmap/fmriprep/sub-090281/func/sub-090281_task-fracback_acq-singleband_space-MNI152NLin2009cAsym_desc-preproc_bold.nii.gz,/data/jux/BBL/projects/fmriprepdico/data/structural/sub-090281/struc,/data/jux/BBL/projects/fmriprepdico/script/functional/nback/nback_activation_model_ts_231.1D
sub-091717,/data/jux/BBL/projects/fmriprepdico/data/wfieldmap/fmriprep/sub-091717/func/sub-091717_task-fracback_acq-singleband_space-MNI152NLin2009cAsym_desc-preproc_bold.nii.gz,/data/jux/BBL/projects/fmriprepdico/data/structural/sub-091717/struc,/data/jux/BBL/projects/fmriprepdico/script/functional/nback/nback_activation_model_ts_231.1D
sub-091962,/data/jux/BBL/projects/fmriprepdico/data/wfieldmap/fmriprep/sub-091962/func/sub-091962_task-fracback_acq-singleband_space-MNI152NLin2009cAsym_desc-preproc_bold.nii.gz,/data/jux/BBL/projects/fmriprepdico/data/structural/sub-091962/struc,/data/jux/BBL/projects/fmriprepdico/script/functional/nback/nback_activation_model_ts_231.1D
sub-092193,/data/jux/BBL/projects/fmriprepdico/data/wfieldmap/fmriprep/sub-092193/func/sub-092193_task-fracback_acq-singleband_space-MNI152NLin2009cAsym_desc-preproc_bold.nii.gz,/data/jux/BBL/projects/fmriprepdico/data/structural/sub-092193/struc,/data/jux/BBL/projects/fmriprepdico/script/functional/nback/nback_activation_model_ts_231.1D
sub-092211,/data/jux/BBL/projects/fmriprepdico/data/wfieldmap/fmriprep/sub-092211/func/sub-092211_task-fracback_acq-singleband_space-MNI152NLin2009cAsym_desc-preproc_bold.nii.gz,/data/jux/BBL/projects/fmriprepdico/data/structural/sub-092211/struc,/data/jux/BBL/projects/fmriprepdico/script/functional/nback/nback_activation_model_ts_231.1D
sub-092554,/data/jux/BBL/projects/fmriprepdico/data/wfieldmap/fmriprep/sub-092554/func/sub-092554_task-fracback_acq-singleband_space-MNI152NLin2009cAsym_desc-preproc_bold.nii.gz,/data/jux/BBL/projects/fmriprepdico/data/structural/sub-092554/struc,/data/jux/BBL/projects/fmriprepdico/script/functional/nback/nback_activation_model_ts_231.1D
sub-092927,/data/jux/BBL/projects/fmriprepdico/data/wfieldmap/fmriprep/sub-092927/func/sub-092927_task-fracback_acq-singleband_space-MNI152NLin2009cAsym_desc-preproc_bold.nii.gz,/data/jux/BBL/projects/fmriprepdico/data/structural/sub-092927/struc,/data/jux/BBL/projects/fmriprepdico/script/functional/nback/nback_activation_model_ts_231.1D
sub-093051,/data/jux/BBL/projects/fmriprepdico/data/wfieldmap/fmriprep/sub-093051/func/sub-093051_task-fracback_acq-singleband_space-MNI152NLin2009cAsym_desc-preproc_bold.nii.gz,/data/jux/BBL/projects/fmriprepdico/data/structural/sub-093051/struc,/data/jux/BBL/projects/fmriprepdico/script/functional/nback/nback_activation_model_ts_231.1D
sub-093169,/data/jux/BBL/projects/fmriprepdico/data/wfieldmap/fmriprep/sub-093169/func/sub-093169_task-fracback_acq-singleband_space-MNI152NLin2009cAsym_desc-preproc_bold.nii.gz,/data/jux/BBL/projects/fmriprepdico/data/structural/sub-093169/struc,/data/jux/BBL/projects/fmriprepdico/script/functional/nback/nback_activation_model_ts_231.1D
sub-093274,/data/jux/BBL/projects/fmriprepdico/data/wfieldmap/fmriprep/sub-093274/func/sub-093274_task-fracback_acq-singleband_space-MNI152NLin2009cAsym_desc-preproc_bold.nii.gz,/data/jux/BBL/projects/fmriprepdico/data/structural/sub-093274/struc,/data/jux/BBL/projects/fmriprepdico/script/functional/nback/nback_activation_model_ts_231.1D
sub-093278,/data/jux/BBL/projects/fmriprepdico/data/wfieldmap/fmriprep/sub-093278/func/sub-093278_task-fracback_acq-singleband_space-MNI152NLin2009cAsym_desc-preproc_bold.nii.gz,/data/jux/BBL/projects/fmriprepdico/data/structural/sub-093278/struc,/data/jux/BBL/projects/fmriprepdico/script/functional/nback/nback_activation_model_ts_231.1D
sub-093549,/data/jux/BBL/projects/fmriprepdico/data/wfieldmap/fmriprep/sub-093549/func/sub-093549_task-fracback_acq-singleband_space-MNI152NLin2009cAsym_desc-preproc_bold.nii.gz,/data/jux/BBL/projects/fmriprepdico/data/structural/sub-093549/struc,/data/jux/BBL/projects/fmriprepdico/script/functional/nback/nback_activation_model_ts_231.1D
sub-093734,/data/jux/BBL/projects/fmriprepdico/data/wfieldmap/fmriprep/sub-093734/func/sub-093734_task-fracback_acq-singleband_space-MNI152NLin2009cAsym_desc-preproc_bold.nii.gz,/data/jux/BBL/projects/fmriprepdico/data/structural/sub-093734/struc,/data/jux/BBL/projects/fmriprepdico/script/functional/nback/nback_activation_model_ts_231.1D
sub-093787,/data/jux/BBL/projects/fmriprepdico/data/wfieldmap/fmriprep/sub-093787/func/sub-093787_task-fracback_acq-singleband_space-MNI152NLin2009cAsym_desc-preproc_bold.nii.gz,/data/jux/BBL/projects/fmriprepdico/data/structural/sub-093787/struc,/data/jux/BBL/projects/fmriprepdico/script/functional/nback/nback_activation_model_ts_231.1D
sub-093856,/data/jux/BBL/projects/fmriprepdico/data/wfieldmap/fmriprep/sub-093856/func/sub-093856_task-fracback_acq-singleband_space-MNI152NLin2009cAsym_desc-preproc_bold.nii.gz,/data/jux/BBL/projects/fmriprepdico/data/structural/sub-093856/struc,/data/jux/BBL/projects/fmriprepdico/script/functional/nback/nback_activation_model_ts_231.1D
sub-095015,,/data/jux/BBL/projects/fmriprepdico/data/structural/sub-095015/struc,/data/jux/BBL/projects/fmriprepdico/script/functional/nback/nback_activation_model_ts_231.1D
sub-095057,/data/jux/BBL/projects/fmriprepdico/data/wfieldmap/fmriprep/sub-095057/func/sub-095057_task-fracback_acq-singleband_space-MNI152NLin2009cAsym_desc-preproc_bold.nii.gz,/data/jux/BBL/projects/fmriprepdico/data/structural/sub-095057/struc,/data/jux/BBL/projects/fmriprepdico/script/functional/nback/nback_activation_model_ts_231.1D
sub-095460,/data/jux/BBL/projects/fmriprepdico/data/wfieldmap/fmriprep/sub-095460/func/sub-095460_task-fracback_acq-singleband_space-MNI152NLin2009cAsym_desc-preproc_bold.nii.gz,/data/jux/BBL/projects/fmriprepdico/data/structural/sub-095460/struc,/data/jux/BBL/projects/fmriprepdico/script/functional/nback/nback_activation_model_ts_231.1D
sub-096659,/data/jux/BBL/projects/fmriprepdico/data/wfieldmap/fmriprep/sub-096659/func/sub-096659_task-fracback_acq-singleband_space-MNI152NLin2009cAsym_desc-preproc_bold.nii.gz,/data/jux/BBL/projects/fmriprepdico/data/structural/sub-096659/struc,/data/jux/BBL/projects/fmriprepdico/script/functional/nback/nback_activation_model_ts_231.1D
sub-097092,/data/jux/BBL/projects/fmriprepdico/data/wfieldmap/fmriprep/sub-097092/func/sub-097092_task-fracback_acq-singleband_space-MNI152NLin2009cAsym_desc-preproc_bold.nii.gz,/data/jux/BBL/projects/fmriprepdico/data/structural/sub-097092/struc,/data/jux/BBL/projects/fmriprepdico/script/functional/nback/nback_activation_model_ts_231.1D
sub-097271,/data/jux/BBL/projects/fmriprepdico/data/wfieldmap/fmriprep/sub-097271/func/sub-097271_task-fracback_acq-singleband_space-MNI152NLin2009cAsym_desc-preproc_bold.nii.gz,/data/jux/BBL/projects/fmriprepdico/data/structural/sub-097271/struc,/data/jux/BBL/projects/fmriprepdico/script/functional/nback/nback_activation_model_ts_231.1D
sub-097485,/data/jux/BBL/projects/fmriprepdico/data/wfieldmap/fmriprep/sub-097485/func/sub-097485_task-fracback_acq-singleband_space-MNI152NLin2009cAsym_desc-preproc_bold.nii.gz,/data/jux/BBL/projects/fmriprepdico/data/structural/sub-097485/struc,/data/jux/BBL/projects/fmriprepdico/script/functional/nback/nback_activation_model_ts_231.1D
sub-097994,/data/jux/BBL/projects/fmriprepdico/data/wfieldmap/fmriprep/sub-097994/func/sub-097994_task-fracback_acq-singleband_space-MNI152NLin2009cAsym_desc-preproc_bold.nii.gz,/data/jux/BBL/projects/fmriprepdico/data/structural/sub-097994/struc,/data/jux/BBL/projects/fmriprepdico/script/functional/nback/nback_activation_model_ts_231.1D
sub-098394,/data/jux/BBL/projects/fmriprepdico/data/wfieldmap/fmriprep/sub-098394/func/sub-098394_task-fracback_acq-singleband_space-MNI152NLin2009cAsym_desc-preproc_bold.nii.gz,/data/jux/BBL/projects/fmriprepdico/data/structural/sub-098394/struc,/data/jux/BBL/projects/fmriprepdico/script/functional/nback/nback_activation_model_ts_231.1D
sub-098567,/data/jux/BBL/projects/fmriprepdico/data/wfieldmap/fmriprep/sub-098567/func/sub-098567_task-fracback_acq-singleband_space-MNI152NLin2009cAsym_desc-preproc_bold.nii.gz,/data/jux/BBL/projects/fmriprepdico/data/structural/sub-098567/struc,/data/jux/BBL/projects/fmriprepdico/script/functional/nback/nback_activation_model_ts_231.1D
sub-098831,/data/jux/BBL/projects/fmriprepdico/data/wfieldmap/fmriprep/sub-098831/func/sub-098831_task-fracback_acq-singleband_space-MNI152NLin2009cAsym_desc-preproc_bold.nii.gz,/data/jux/BBL/projects/fmriprepdico/data/structural/sub-098831/struc,/data/jux/BBL/projects/fmriprepdico/script/functional/nback/nback_activation_model_ts_231.1D
sub-098871,/data/jux/BBL/projects/fmriprepdico/data/wfieldmap/fmriprep/sub-098871/func/sub-098871_task-fracback_acq-singleband_space-MNI152NLin2009cAsym_desc-preproc_bold.nii.gz,/data/jux/BBL/projects/fmriprepdico/data/structural/sub-098871/struc,/data/jux/BBL/projects/fmriprepdico/script/functional/nback/nback_activation_model_ts_231.1D
sub-099604,/data/jux/BBL/projects/fmriprepdico/data/wfieldmap/fmriprep/sub-099604/func/sub-099604_task-fracback_acq-singleband_space-MNI152NLin2009cAsym_desc-preproc_bold.nii.gz,/data/jux/BBL/projects/fmriprepdico/data/structural/sub-099604/struc,/data/jux/BBL/projects/fmriprepdico/script/functional/nback/nback_activation_model_ts_231.1D
sub-099949,/data/jux/BBL/projects/fmriprepdico/data/wfieldmap/fmriprep/sub-099949/func/sub-099949_task-fracback_acq-singleband_space-MNI152NLin2009cAsym_desc-preproc_bold.nii.gz,/data/jux/BBL/projects/fmriprepdico/data/structural/sub-099949/struc,/data/jux/BBL/projects/fmriprepdico/script/functional/nback/nback_activation_model_ts_231.1D
sub-102041,/data/jux/BBL/projects/fmriprepdico/data/wfieldmap/fmriprep/sub-102041/func/sub-102041_task-fracback_acq-singleband_space-MNI152NLin2009cAsym_desc-preproc_bold.nii.gz,/data/jux/BBL/projects/fmriprepdico/data/structural/sub-102041/struc,/data/jux/BBL/projects/fmriprepdico/script/functional/nback/nback_activation_model_ts_231.1D
sub-103679,/data/jux/BBL/projects/fmriprepdico/data/wfieldmap/fmriprep/sub-103679/func/sub-103679_task-fracback_acq-singleband_space-MNI152NLin2009cAsym_desc-preproc_bold.nii.gz,/data/jux/BBL/projects/fmriprepdico/data/structural/sub-103679/struc,/data/jux/BBL/projects/fmriprepdico/script/functional/nback/nback_activation_model_ts_231.1D
sub-104059,,/data/jux/BBL/projects/fmriprepdico/data/structural/sub-104059/struc,/data/jux/BBL/projects/fmriprepdico/script/functional/nback/nback_activation_model_ts_231.1D
sub-104235,/data/jux/BBL/projects/fmriprepdico/data/wfieldmap/fmriprep/sub-104235/func/sub-104235_task-fracback_acq-singleband_space-MNI152NLin2009cAsym_desc-preproc_bold.nii.gz,/data/jux/BBL/projects/fmriprepdico/data/structural/sub-104235/struc,/data/jux/BBL/projects/fmriprepdico/script/functional/nback/nback_activation_model_ts_231.1D
sub-104785,/data/jux/BBL/projects/fmriprepdico/data/wfieldmap/fmriprep/sub-104785/func/sub-104785_task-fracback_acq-singleband_space-MNI152NLin2009cAsym_desc-preproc_bold.nii.gz,/data/jux/BBL/projects/fmriprepdico/data/structural/sub-104785/struc,/data/jux/BBL/projects/fmriprepdico/script/functional/nback/nback_activation_model_ts_231.1D
sub-105168,/data/jux/BBL/projects/fmriprepdico/data/wfieldmap/fmriprep/sub-105168/func/sub-105168_task-fracback_acq-singleband_space-MNI152NLin2009cAsym_desc-preproc_bold.nii.gz,/data/jux/BBL/projects/fmriprepdico/data/structural/sub-105168/struc,/data/jux/BBL/projects/fmriprepdico/script/functional/nback/nback_activation_model_ts_231.1D
sub-105176,/data/jux/BBL/projects/fmriprepdico/data/wfieldmap/fmriprep/sub-105176/func/sub-105176_task-fracback_acq-singleband_space-MNI152NLin2009cAsym_desc-preproc_bold.nii.gz,/data/jux/BBL/projects/fmriprepdico/data/structural/sub-105176/struc,/data/jux/BBL/projects/fmriprepdico/script/functional/nback/nback_activation_model_ts_231.1D
sub-105309,,/data/jux/BBL/projects/fmriprepdico/data/structural/sub-105309/struc,/data/jux/BBL/projects/fmriprepdico/script/functional/nback/nback_activation_model_ts_231.1D
sub-105767,/data/jux/BBL/projects/fmriprepdico/data/wfieldmap/fmriprep/sub-105767/func/sub-105767_task-fracback_acq-singleband_space-MNI152NLin2009cAsym_desc-preproc_bold.nii.gz,/data/jux/BBL/projects/fmriprepdico/data/structural/sub-105767/struc,/data/jux/BBL/projects/fmriprepdico/script/functional/nback/nback_activation_model_ts_231.1D
sub-105860,/data/jux/BBL/projects/fmriprepdico/data/wfieldmap/fmriprep/sub-105860/func/sub-105860_task-fracback_acq-singleband_space-MNI152NLin2009cAsym_desc-preproc_bold.nii.gz,/data/jux/BBL/projects/fmriprepdico/data/structural/sub-105860/struc,/data/jux/BBL/projects/fmriprepdico/script/functional/nback/nback_activation_model_ts_231.1D
sub-105979,/data/jux/BBL/projects/fmriprepdico/data/wfieldmap/fmriprep/sub-105979/func/sub-105979_task-fracback_acq-singleband_space-MNI152NLin2009cAsym_desc-preproc_bold.nii.gz,/data/jux/BBL/projects/fmriprepdico/data/structural/sub-105979/struc,/data/jux/BBL/projects/fmriprepdico/script/functional/nback/nback_activation_model_ts_231.1D
sub-106039,/data/jux/BBL/projects/fmriprepdico/data/wfieldmap/fmriprep/sub-106039/func/sub-106039_task-fracback_acq-singleband_space-MNI152NLin2009cAsym_desc-preproc_bold.nii.gz,/data/jux/BBL/projects/fmriprepdico/data/structural/sub-106039/struc,/data/jux/BBL/projects/fmriprepdico/script/functional/nback/nback_activation_model_ts_231.1D
sub-106071,,,/data/jux/BBL/projects/fmriprepdico/script/functional/nback/nback_activation_model_ts_231.1D
sub-106246,/data/jux/BBL/projects/fmriprepdico/data/wfieldmap/fmriprep/sub-106246/func/sub-106246_task-fracback_acq-singleband_space-MNI152NLin2009cAsym_desc-preproc_bold.nii.gz,/data/jux/BBL/projects/fmriprepdico/data/structural/sub-106246/struc,/data/jux/BBL/projects/fmriprepdico/script/functional/nback/nback_activation_model_ts_231.1D
sub-106331,/data/jux/BBL/projects/fmriprepdico/data/wfieldmap/fmriprep/sub-106331/func/sub-106331_task-fracback_acq-singleband_space-MNI152NLin2009cAsym_desc-preproc_bold.nii.gz,/data/jux/BBL/projects/fmriprepdico/data/structural/sub-106331/struc,/data/jux/BBL/projects/fmriprepdico/script/functional/nback/nback_activation_model_ts_231.1D
sub-106802,/data/jux/BBL/projects/fmriprepdico/data/wfieldmap/fmriprep/sub-106802/func/sub-106802_task-fracback_acq-singleband_space-MNI152NLin2009cAsym_desc-preproc_bold.nii.gz,/data/jux/BBL/projects/fmriprepdico/data/structural/sub-106802/struc,/data/jux/BBL/projects/fmriprepdico/script/functional/nback/nback_activation_model_ts_231.1D
sub-106880,/data/jux/BBL/projects/fmriprepdico/data/wfieldmap/fmriprep/sub-106880/func/sub-106880_task-fracback_acq-singleband_space-MNI152NLin2009cAsym_desc-preproc_bold.nii.gz,/data/jux/BBL/projects/fmriprepdico/data/structural/sub-106880/struc,/data/jux/BBL/projects/fmriprepdico/script/functional/nback/nback_activation_model_ts_231.1D
sub-108202,/data/jux/BBL/projects/fmriprepdico/data/wfieldmap/fmriprep/sub-108202/func/sub-108202_task-fracback_acq-singleband_space-MNI152NLin2009cAsym_desc-preproc_bold.nii.gz,/data/jux/BBL/projects/fmriprepdico/data/structural/sub-108202/struc,/data/jux/BBL/projects/fmriprepdico/script/functional/nback/nback_activation_model_ts_231.1D
sub-109521,/data/jux/BBL/projects/fmriprepdico/data/wfieldmap/fmriprep/sub-109521/func/sub-109521_task-fracback_acq-singleband_space-MNI152NLin2009cAsym_desc-preproc_bold.nii.gz,/data/jux/BBL/projects/fmriprepdico/data/structural/sub-109521/struc,/data/jux/BBL/projects/fmriprepdico/script/functional/nback/nback_activation_model_ts_231.1D
sub-109646,/data/jux/BBL/projects/fmriprepdico/data/wfieldmap/fmriprep/sub-109646/func/sub-109646_task-fracback_acq-singleband_space-MNI152NLin2009cAsym_desc-preproc_bold.nii.gz,/data/jux/BBL/projects/fmriprepdico/data/structural/sub-109646/struc,/data/jux/BBL/projects/fmriprepdico/script/functional/nback/nback_activation_model_ts_231.1D
sub-109735,/data/jux/BBL/projects/fmriprepdico/data/wfieldmap/fmriprep/sub-109735/func/sub-109735_task-fracback_acq-singleband_space-MNI152NLin2009cAsym_desc-preproc_bold.nii.gz,/data/jux/BBL/projects/fmriprepdico/data/structural/sub-109735/struc,/data/jux/BBL/projects/fmriprepdico/script/functional/nback/nback_activation_model_ts_231.1D
sub-110168,/data/jux/BBL/projects/fmriprepdico/data/wfieldmap/fmriprep/sub-110168/func/sub-110168_task-fracback_acq-singleband_space-MNI152NLin2009cAsym_desc-preproc_bold.nii.gz,/data/jux/BBL/projects/fmriprepdico/data/structural/sub-110168/struc,/data/jux/BBL/projects/fmriprepdico/script/functional/nback/nback_activation_model_ts_231.1D
sub-112061,/data/jux/BBL/projects/fmriprepdico/data/wfieldmap/fmriprep/sub-112061/func/sub-112061_task-fracback_acq-singleband_space-MNI152NLin2009cAsym_desc-preproc_bold.nii.gz,/data/jux/BBL/projects/fmriprepdico/data/structural/sub-112061/struc,/data/jux/BBL/projects/fmriprepdico/script/functional/nback/nback_activation_model_ts_231.1D
sub-112126,/data/jux/BBL/projects/fmriprepdico/data/wfieldmap/fmriprep/sub-112126/func/sub-112126_task-fracback_acq-singleband_space-MNI152NLin2009cAsym_desc-preproc_bold.nii.gz,/data/jux/BBL/projects/fmriprepdico/data/structural/sub-112126/struc,/data/jux/BBL/projects/fmriprepdico/script/functional/nback/nback_activation_model_ts_231.1D
sub-112332,/data/jux/BBL/projects/fmriprepdico/data/wfieldmap/fmriprep/sub-112332/func/sub-112332_task-fracback_acq-singleband_space-MNI152NLin2009cAsym_desc-preproc_bold.nii.gz,/data/jux/BBL/projects/fmriprepdico/data/structural/sub-112332/struc,/data/jux/BBL/projects/fmriprepdico/script/functional/nback/nback_activation_model_ts_231.1D
sub-112694,/data/jux/BBL/projects/fmriprepdico/data/wfieldmap/fmriprep/sub-112694/func/sub-112694_task-fracback_acq-singleband_space-MNI152NLin2009cAsym_desc-preproc_bold.nii.gz,/data/jux/BBL/projects/fmriprepdico/data/structural/sub-112694/struc,/data/jux/BBL/projects/fmriprepdico/script/functional/nback/nback_activation_model_ts_231.1D
sub-113111,/data/jux/BBL/projects/fmriprepdico/data/wfieldmap/fmriprep/sub-113111/func/sub-113111_task-fracback_acq-singleband_space-MNI152NLin2009cAsym_desc-preproc_bold.nii.gz,/data/jux/BBL/projects/fmriprepdico/data/structural/sub-113111/struc,/data/jux/BBL/projects/fmriprepdico/script/functional/nback/nback_activation_model_ts_231.1D
sub-114709,/data/jux/BBL/projects/fmriprepdico/data/wfieldmap/fmriprep/sub-114709/func/sub-114709_task-fracback_acq-singleband_space-MNI152NLin2009cAsym_desc-preproc_bold.nii.gz,/data/jux/BBL/projects/fmriprepdico/data/structural/sub-114709/struc,/data/jux/BBL/projects/fmriprepdico/script/functional/nback/nback_activation_model_ts_231.1D
sub-114713,/data/jux/BBL/projects/fmriprepdico/data/wfieldmap/fmriprep/sub-114713/func/sub-114713_task-fracback_acq-singleband_space-MNI152NLin2009cAsym_desc-preproc_bold.nii.gz,/data/jux/BBL/projects/fmriprepdico/data/structural/sub-114713/struc,/data/jux/BBL/projects/fmriprepdico/script/functional/nback/nback_activation_model_ts_231.1D
sub-114990,/data/jux/BBL/projects/fmriprepdico/data/wfieldmap/fmriprep/sub-114990/func/sub-114990_task-fracback_acq-singleband_space-MNI152NLin2009cAsym_desc-preproc_bold.nii.gz,/data/jux/BBL/projects/fmriprepdico/data/structural/sub-114990/struc,/data/jux/BBL/projects/fmriprepdico/script/functional/nback/nback_activation_model_ts_231.1D
sub-116019,/data/jux/BBL/projects/fmriprepdico/data/wfieldmap/fmriprep/sub-116019/func/sub-116019_task-fracback_acq-singleband_space-MNI152NLin2009cAsym_desc-preproc_bold.nii.gz,/data/jux/BBL/projects/fmriprepdico/data/structural/sub-116019/struc,/data/jux/BBL/projects/fmriprepdico/script/functional/nback/nback_activation_model_ts_231.1D
sub-116051,/data/jux/BBL/projects/fmriprepdico/data/wfieldmap/fmriprep/sub-116051/func/sub-116051_task-fracback_acq-singleband_space-MNI152NLin2009cAsym_desc-preproc_bold.nii.gz,/data/jux/BBL/projects/fmriprepdico/data/structural/sub-116051/struc,/data/jux/BBL/projects/fmriprepdico/script/functional/nback/nback_activation_model_ts_231.1D
sub-116210,/data/jux/BBL/projects/fmriprepdico/data/wfieldmap/fmriprep/sub-116210/func/sub-116210_task-fracback_acq-singleband_space-MNI152NLin2009cAsym_desc-preproc_bold.nii.gz,/data/jux/BBL/projects/fmriprepdico/data/structural/sub-116210/struc,/data/jux/BBL/projects/fmriprepdico/script/functional/nback/nback_activation_model_ts_231.1D
sub-116354,/data/jux/BBL/projects/fmriprepdico/data/wfieldmap/fmriprep/sub-116354/func/sub-116354_task-fracback_acq-singleband_space-MNI152NLin2009cAsym_desc-preproc_bold.nii.gz,/data/jux/BBL/projects/fmriprepdico/data/structural/sub-116354/struc,/data/jux/BBL/projects/fmriprepdico/script/functional/nback/nback_activation_model_ts_231.1D
sub-116360,/data/jux/BBL/projects/fmriprepdico/data/wfieldmap/fmriprep/sub-116360/func/sub-116360_task-fracback_acq-singleband_space-MNI152NLin2009cAsym_desc-preproc_bold.nii.gz,/data/jux/BBL/projects/fmriprepdico/data/structural/sub-116360/struc,/data/jux/BBL/projects/fmriprepdico/script/functional/nback/nback_activation_model_ts_231.1D
sub-117226,,,/data/jux/BBL/projects/fmriprepdico/script/functional/nback/nback_activation_model_ts_231.1D
sub-117397,/data/jux/BBL/projects/fmriprepdico/data/wfieldmap/fmriprep/sub-117397/func/sub-117397_task-fracback_acq-singleband_space-MNI152NLin2009cAsym_desc-preproc_bold.nii.gz,/data/jux/BBL/projects/fmriprepdico/data/structural/sub-117397/struc,/data/jux/BBL/projects/fmriprepdico/script/functional/nback/nback_activation_model_ts_231.1D
sub-118393,,/data/jux/BBL/projects/fmriprepdico/data/structural/sub-118393/struc,/data/jux/BBL/projects/fmriprepdico/script/functional/nback/nback_activation_model_ts_231.1D
sub-119302,/data/jux/BBL/projects/fmriprepdico/data/wfieldmap/fmriprep/sub-119302/func/sub-119302_task-fracback_acq-singleband_space-MNI152NLin2009cAsym_desc-preproc_bold.nii.gz,/data/jux/BBL/projects/fmriprepdico/data/structural/sub-119302/struc,/data/jux/BBL/projects/fmriprepdico/script/functional/nback/nback_activation_model_ts_231.1D
sub-119791,/data/jux/BBL/projects/fmriprepdico/data/wfieldmap/fmriprep/sub-119791/func/sub-119791_task-fracback_acq-singleband_space-MNI152NLin2009cAsym_desc-preproc_bold.nii.gz,/data/jux/BBL/projects/fmriprepdico/data/structural/sub-119791/struc,/data/jux/BBL/projects/fmriprepdico/script/functional/nback/nback_activation_model_ts_231.1D
sub-120217,/data/jux/BBL/projects/fmriprepdico/data/wfieldmap/fmriprep/sub-120217/func/sub-120217_task-fracback_acq-singleband_space-MNI152NLin2009cAsym_desc-preproc_bold.nii.gz,/data/jux/BBL/projects/fmriprepdico/data/structural/sub-120217/struc,/data/jux/BBL/projects/fmriprepdico/script/functional/nback/nback_activation_model_ts_231.1D
sub-120562,/data/jux/BBL/projects/fmriprepdico/data/wfieldmap/fmriprep/sub-120562/func/sub-120562_task-fracback_acq-singleband_space-MNI152NLin2009cAsym_desc-preproc_bold.nii.gz,/data/jux/BBL/projects/fmriprepdico/data/structural/sub-120562/struc,/data/jux/BBL/projects/fmriprepdico/script/functional/nback/nback_activation_model_ts_231.1D
sub-121001,/data/jux/BBL/projects/fmriprepdico/data/wfieldmap/fmriprep/sub-121001/func/sub-121001_task-fracback_acq-singleband_space-MNI152NLin2009cAsym_desc-preproc_bold.nii.gz,/data/jux/BBL/projects/fmriprepdico/data/structural/sub-121001/struc,/data/jux/BBL/projects/fmriprepdico/script/functional/nback/nback_activation_model_ts_231.1D
sub-121050,/data/jux/BBL/projects/fmriprepdico/data/wfieldmap/fmriprep/sub-121050/func/sub-121050_task-fracback_acq-singleband_space-MNI152NLin2009cAsym_desc-preproc_bold.nii.gz,/data/jux/BBL/projects/fmriprepdico/data/structural/sub-121050/struc,/data/jux/BBL/projects/fmriprepdico/script/functional/nback/nback_activation_model_ts_231.1D
sub-121085,/data/jux/BBL/projects/fmriprepdico/data/wfieldmap/fmriprep/sub-121085/func/sub-121085_task-fracback_acq-singleband_space-MNI152NLin2009cAsym_desc-preproc_bold.nii.gz,/data/jux/BBL/projects/fmriprepdico/data/structural/sub-121085/struc,/data/jux/BBL/projects/fmriprepdico/script/functional/nback/nback_activation_model_ts_231.1D
sub-121407,,,/data/jux/BBL/projects/fmriprepdico/script/functional/nback/nback_activation_model_ts_231.1D
sub-121476,,/data/jux/BBL/projects/fmriprepdico/data/structural/sub-121476/struc,/data/jux/BBL/projects/fmriprepdico/script/functional/nback/nback_activation_model_ts_231.1D
sub-122522,/data/jux/BBL/projects/fmriprepdico/data/wfieldmap/fmriprep/sub-122522/func/sub-122522_task-fracback_acq-singleband_space-MNI152NLin2009cAsym_desc-preproc_bold.nii.gz,/data/jux/BBL/projects/fmriprepdico/data/structural/sub-122522/struc,/data/jux/BBL/projects/fmriprepdico/script/functional/nback/nback_activation_model_ts_231.1D
sub-122528,/data/jux/BBL/projects/fmriprepdico/data/wfieldmap/fmriprep/sub-122528/func/sub-122528_task-fracback_acq-singleband_space-MNI152NLin2009cAsym_desc-preproc_bold.nii.gz,/data/jux/BBL/projects/fmriprepdico/data/structural/sub-122528/struc,/data/jux/BBL/projects/fmriprepdico/script/functional/nback/nback_activation_model_ts_231.1D
sub-122801,,/data/jux/BBL/projects/fmriprepdico/data/structural/sub-122801/struc,/data/jux/BBL/projects/fmriprepdico/script/functional/nback/nback_activation_model_ts_231.1D
sub-122916,/data/jux/BBL/projects/fmriprepdico/data/wfieldmap/fmriprep/sub-122916/func/sub-122916_task-fracback_acq-singleband_space-MNI152NLin2009cAsym_desc-preproc_bold.nii.gz,/data/jux/BBL/projects/fmriprepdico/data/structural/sub-122916/struc,/data/jux/BBL/projects/fmriprepdico/script/functional/nback/nback_activation_model_ts_231.1D
sub-125511,/data/jux/BBL/projects/fmriprepdico/data/wfieldmap/fmriprep/sub-125511/func/sub-125511_task-fracback_acq-singleband_space-MNI152NLin2009cAsym_desc-preproc_bold.nii.gz,/data/jux/BBL/projects/fmriprepdico/data/structural/sub-125511/struc,/data/jux/BBL/projects/fmriprepdico/script/functional/nback/nback_activation_model_ts_231.1D
sub-125535,/data/jux/BBL/projects/fmriprepdico/data/wfieldmap/fmriprep/sub-125535/func/sub-125535_task-fracback_acq-singleband_space-MNI152NLin2009cAsym_desc-preproc_bold.nii.gz,/data/jux/BBL/projects/fmriprepdico/data/structural/sub-125535/struc,/data/jux/BBL/projects/fmriprepdico/script/functional/nback/nback_activation_model_ts_231.1D
sub-125554,/data/jux/BBL/projects/fmriprepdico/data/wfieldmap/fmriprep/sub-125554/func/sub-125554_task-fracback_acq-singleband_space-MNI152NLin2009cAsym_desc-preproc_bold.nii.gz,/data/jux/BBL/projects/fmriprepdico/data/structural/sub-125554/struc,/data/jux/BBL/projects/fmriprepdico/script/functional/nback/nback_activation_model_ts_231.1D
sub-126176,/data/jux/BBL/projects/fmriprepdico/data/wfieldmap/fmriprep/sub-126176/func/sub-126176_task-fracback_acq-singleband_space-MNI152NLin2009cAsym_desc-preproc_bold.nii.gz,/data/jux/BBL/projects/fmriprepdico/data/structural/sub-126176/struc,/data/jux/BBL/projects/fmriprepdico/script/functional/nback/nback_activation_model_ts_231.1D
sub-126389,/data/jux/BBL/projects/fmriprepdico/data/wfieldmap/fmriprep/sub-126389/func/sub-126389_task-fracback_acq-singleband_space-MNI152NLin2009cAsym_desc-preproc_bold.nii.gz,/data/jux/BBL/projects/fmriprepdico/data/structural/sub-126389/struc,/data/jux/BBL/projects/fmriprepdico/script/functional/nback/nback_activation_model_ts_231.1D
sub-126554,/data/jux/BBL/projects/fmriprepdico/data/wfieldmap/fmriprep/sub-126554/func/sub-126554_task-fracback_acq-singleband_space-MNI152NLin2009cAsym_desc-preproc_bold.nii.gz,/data/jux/BBL/projects/fmriprepdico/data/structural/sub-126554/struc,/data/jux/BBL/projects/fmriprepdico/script/functional/nback/nback_activation_model_ts_231.1D
sub-126903,/data/jux/BBL/projects/fmriprepdico/data/wfieldmap/fmriprep/sub-126903/func/sub-126903_task-fracback_acq-singleband_space-MNI152NLin2009cAsym_desc-preproc_bold.nii.gz,/data/jux/BBL/projects/fmriprepdico/data/structural/sub-126903/struc,/data/jux/BBL/projects/fmriprepdico/script/functional/nback/nback_activation_model_ts_231.1D
sub-127008,/data/jux/BBL/projects/fmriprepdico/data/wfieldmap/fmriprep/sub-127008/func/sub-127008_task-fracback_acq-singleband_space-MNI152NLin2009cAsym_desc-preproc_bold.nii.gz,/data/jux/BBL/projects/fmriprepdico/data/structural/sub-127008/struc,/data/jux/BBL/projects/fmriprepdico/script/functional/nback/nback_activation_model_ts_231.1D
sub-127236,/data/jux/BBL/projects/fmriprepdico/data/wfieldmap/fmriprep/sub-127236/func/sub-127236_task-fracback_acq-singleband_space-MNI152NLin2009cAsym_desc-preproc_bold.nii.gz,/data/jux/BBL/projects/fmriprepdico/data/structural/sub-127236/struc,/data/jux/BBL/projects/fmriprepdico/script/functional/nback/nback_activation_model_ts_231.1D
sub-127305,/data/jux/BBL/projects/fmriprepdico/data/wfieldmap/fmriprep/sub-127305/func/sub-127305_task-fracback_acq-singleband_space-MNI152NLin2009cAsym_desc-preproc_bold.nii.gz,/data/jux/BBL/projects/fmriprepdico/data/structural/sub-127305/struc,/data/jux/BBL/projects/fmriprepdico/script/functional/nback/nback_activation_model_ts_231.1D
sub-127417,/data/jux/BBL/projects/fmriprepdico/data/wfieldmap/fmriprep/sub-127417/func/sub-127417_task-fracback_acq-singleband_space-MNI152NLin2009cAsym_desc-preproc_bold.nii.gz,/data/jux/BBL/projects/fmriprepdico/data/structural/sub-127417/struc,/data/jux/BBL/projects/fmriprepdico/script/functional/nback/nback_activation_model_ts_231.1D
sub-127611,/data/jux/BBL/projects/fmriprepdico/data/wfieldmap/fmriprep/sub-127611/func/sub-127611_task-fracback_acq-singleband_space-MNI152NLin2009cAsym_desc-preproc_bold.nii.gz,/data/jux/BBL/projects/fmriprepdico/data/structural/sub-127611/struc,/data/jux/BBL/projects/fmriprepdico/script/functional/nback/nback_activation_model_ts_231.1D
sub-128154,/data/jux/BBL/projects/fmriprepdico/data/wfieldmap/fmriprep/sub-128154/func/sub-128154_task-fracback_acq-singleband_space-MNI152NLin2009cAsym_desc-preproc_bold.nii.gz,/data/jux/BBL/projects/fmriprepdico/data/structural/sub-128154/struc,/data/jux/BBL/projects/fmriprepdico/script/functional/nback/nback_activation_model_ts_231.1D
sub-129354,,/data/jux/BBL/projects/fmriprepdico/data/structural/sub-129354/struc,/data/jux/BBL/projects/fmriprepdico/script/functional/nback/nback_activation_model_ts_231.1D
sub-129720,/data/jux/BBL/projects/fmriprepdico/data/wfieldmap/fmriprep/sub-129720/func/sub-129720_task-fracback_acq-singleband_space-MNI152NLin2009cAsym_desc-preproc_bold.nii.gz,/data/jux/BBL/projects/fmriprepdico/data/structural/sub-129720/struc,/data/jux/BBL/projects/fmriprepdico/script/functional/nback/nback_activation_model_ts_231.1D
sub-129886,/data/jux/BBL/projects/fmriprepdico/data/wfieldmap/fmriprep/sub-129886/func/sub-129886_task-fracback_acq-singleband_space-MNI152NLin2009cAsym_desc-preproc_bold.nii.gz,/data/jux/BBL/projects/fmriprepdico/data/structural/sub-129886/struc,/data/jux/BBL/projects/fmriprepdico/script/functional/nback/nback_activation_model_ts_231.1D
sub-129926,/data/jux/BBL/projects/fmriprepdico/data/wfieldmap/fmriprep/sub-129926/func/sub-129926_task-fracback_acq-singleband_space-MNI152NLin2009cAsym_desc-preproc_bold.nii.gz,/data/jux/BBL/projects/fmriprepdico/data/structural/sub-129926/struc,/data/jux/BBL/projects/fmriprepdico/script/functional/nback/nback_activation_model_ts_231.1D
sub-130121,/data/jux/BBL/projects/fmriprepdico/data/wfieldmap/fmriprep/sub-130121/func/sub-130121_task-fracback_acq-singleband_space-MNI152NLin2009cAsym_desc-preproc_bold.nii.gz,/data/jux/BBL/projects/fmriprepdico/data/structural/sub-130121/struc,/data/jux/BBL/projects/fmriprepdico/script/functional/nback/nback_activation_model_ts_231.1D
sub-130211,/data/jux/BBL/projects/fmriprepdico/data/wfieldmap/fmriprep/sub-130211/func/sub-130211_task-fracback_acq-singleband_space-MNI152NLin2009cAsym_desc-preproc_bold.nii.gz,/data/jux/BBL/projects/fmriprepdico/data/structural/sub-130211/struc,/data/jux/BBL/projects/fmriprepdico/script/functional/nback/nback_activation_model_ts_231.1D
sub-130687,/data/jux/BBL/projects/fmriprepdico/data/wfieldmap/fmriprep/sub-130687/func/sub-130687_task-fracback_acq-singleband_space-MNI152NLin2009cAsym_desc-preproc_bold.nii.gz,/data/jux/BBL/projects/fmriprepdico/data/structural/sub-130687/struc,/data/jux/BBL/projects/fmriprepdico/script/functional/nback/nback_activation_model_ts_231.1D
sub-130896,/data/jux/BBL/projects/fmriprepdico/data/wfieldmap/fmriprep/sub-130896/func/sub-130896_task-fracback_acq-singleband_space-MNI152NLin2009cAsym_desc-preproc_bold.nii.gz,/data/jux/BBL/projects/fmriprepdico/data/structural/sub-130896/struc,/data/jux/BBL/projects/fmriprepdico/script/functional/nback/nback_activation_model_ts_231.1D
sub-131224,/data/jux/BBL/projects/fmriprepdico/data/wfieldmap/fmriprep/sub-131224/func/sub-131224_task-fracback_acq-singleband_space-MNI152NLin2009cAsym_desc-preproc_bold.nii.gz,/data/jux/BBL/projects/fmriprepdico/data/structural/sub-131224/struc,/data/jux/BBL/projects/fmriprepdico/script/functional/nback/nback_activation_model_ts_231.1D
sub-131867,/data/jux/BBL/projects/fmriprepdico/data/wfieldmap/fmriprep/sub-131867/func/sub-131867_task-fracback_acq-singleband_space-MNI152NLin2009cAsym_desc-preproc_bold.nii.gz,/data/jux/BBL/projects/fmriprepdico/data/structural/sub-131867/struc,/data/jux/BBL/projects/fmriprepdico/script/functional/nback/nback_activation_model_ts_231.1D
sub-132179,/data/jux/BBL/projects/fmriprepdico/data/wfieldmap/fmriprep/sub-132179/func/sub-132179_task-fracback_acq-singleband_space-MNI152NLin2009cAsym_desc-preproc_bold.nii.gz,/data/jux/BBL/projects/fmriprepdico/data/structural/sub-132179/struc,/data/jux/BBL/projects/fmriprepdico/script/functional/nback/nback_activation_model_ts_231.1D
sub-132224,/data/jux/BBL/projects/fmriprepdico/data/wfieldmap/fmriprep/sub-132224/func/sub-132224_task-fracback_acq-singleband_space-MNI152NLin2009cAsym_desc-preproc_bold.nii.gz,/data/jux/BBL/projects/fmriprepdico/data/structural/sub-132224/struc,/data/jux/BBL/projects/fmriprepdico/script/functional/nback/nback_activation_model_ts_231.1D
sub-132657,/data/jux/BBL/projects/fmriprepdico/data/wfieldmap/fmriprep/sub-132657/func/sub-132657_task-fracback_acq-singleband_space-MNI152NLin2009cAsym_desc-preproc_bold.nii.gz,/data/jux/BBL/projects/fmriprepdico/data/structural/sub-132657/struc,/data/jux/BBL/projects/fmriprepdico/script/functional/nback/nback_activation_model_ts_231.1D
sub-133220,/data/jux/BBL/projects/fmriprepdico/data/wfieldmap/fmriprep/sub-133220/func/sub-133220_task-fracback_acq-singleband_space-MNI152NLin2009cAsym_desc-preproc_bold.nii.gz,/data/jux/BBL/projects/fmriprepdico/data/structural/sub-133220/struc,/data/jux/BBL/projects/fmriprepdico/script/functional/nback/nback_activation_model_ts_231.1D
sub-139272,/data/jux/BBL/projects/fmriprepdico/data/wfieldmap/fmriprep/sub-139272/func/sub-139272_task-fracback_acq-singleband_space-MNI152NLin2009cAsym_desc-preproc_bold.nii.gz,/data/jux/BBL/projects/fmriprepdico/data/structural/sub-139272/struc,/data/jux/BBL/projects/fmriprepdico/script/functional/nback/nback_activation_model_ts_231.1D
